{
  "train_time": 3374.3911011219025, 
  "epoch_validation_logloss": [
    5.0662759780883793, 
    4.9208839654922487, 
    4.8497043371200563, 
    4.8034840822219849, 
    4.7694403648376467, 
    4.7443301677703857, 
    4.7251606225967411, 
    4.7087821960449219, 
    4.6946128845214847, 
    4.6827466011047365, 
    4.6724882125854492, 
    4.6636569738388065, 
    4.6556807518005368, 
    4.6484760999679562, 
    4.6421065330505371, 
    4.6363620996475223, 
    4.6310616016387938, 
    4.6261532306671143, 
    4.6216779232025145, 
    4.6176002740859987, 
    4.6138052463531496, 
    4.6102574348449705, 
    4.6069715261459354, 
    4.6039320707321165
  ], 
  "mrscc_eval": 0.27019230769230768, 
  "epoch_train_logloss": [
    4.848268032073975, 
    4.680169582366943, 
    4.6166181564331055, 
    4.559467792510986, 
    4.504522323608398, 
    4.459670066833496, 
    4.423408031463623, 
    4.393083095550537, 
    4.36674690246582, 
    4.343393802642822, 
    4.322277545928955, 
    4.302513122558594, 
    4.284002780914307, 
    4.26655387878418, 
    4.249950885772705, 
    4.234009742736816, 
    4.218167304992676, 
    4.2019524574279785, 
    4.185930252075195, 
    4.170392990112305, 
    4.1553053855896, 
    4.140604019165039, 
    4.126280784606934, 
    4.1122846603393555
  ], 
  "final_eval": 4.5863177856128701
}