{
  "train_time": 8118.453393936157, 
  "epoch_validation_logloss": [
    5.8109184503555298, 
    5.4613015890121464, 
    5.3068018198013309, 
    5.2150515794754027, 
    5.153136897087097, 
    5.1075927019119263, 
    5.0728319644927975, 
    5.0447459459304813, 
    5.0212339162826538, 
    5.0010309696197508, 
    4.9832668066024777, 
    4.9674046993255612, 
    4.9530983209609989, 
    4.940101909637451, 
    4.9282182455062866, 
    4.9172795772552487, 
    4.9071497440338137, 
    4.8977223634719849, 
    4.888911247253418, 
    4.8806443214416504, 
    4.8728579044342037, 
    4.8654983997344967, 
    4.8585188865661619, 
    4.8518795967102051, 
    4.8455454349517826, 
    4.8394866228103641, 
    4.8336756467819217, 
    4.8280884981155392, 
    4.822704100608826, 
    4.8175034761428837, 
    4.8124702930450436, 
    4.807590436935425, 
    4.8028521060943605, 
    4.798245143890381, 
    4.7937606096267702, 
    4.7893918037414549, 
    4.7851323127746586, 
    4.7809770822525026, 
    4.7769214868545529, 
    4.7729624509811401, 
    4.7690963745117188, 
    4.7653212785720829, 
    4.7616354703903196, 
    4.758037352561951, 
    4.7545264244079588, 
    4.7511022329330448, 
    4.7477645874023438, 
    4.7445124626159672, 
    4.7413445711135864, 
    4.7382583618164062
  ], 
  "mrscc_eval": 0.22596153846153846, 
  "epoch_train_logloss": [
    5.5426859855651855, 
    5.2042388916015625, 
    5.07182502746582, 
    5.001515865325928, 
    4.953183650970459, 
    4.913963794708252, 
    4.880414009094238, 
    4.851253509521484, 
    4.82561731338501, 
    4.802877426147461, 
    4.782507419586182, 
    4.764050006866455, 
    4.747140884399414, 
    4.7314934730529785, 
    4.716897964477539, 
    4.703195095062256, 
    4.690250396728516, 
    4.677931785583496, 
    4.666112899780273, 
    4.654693603515625, 
    4.6436076164245605, 
    4.632822513580322, 
    4.622326850891113, 
    4.612133026123047, 
    4.602258205413818, 
    4.592723846435547, 
    4.5835490226745605, 
    4.574742317199707, 
    4.566303730010986, 
    4.558221817016602, 
    4.550480365753174, 
    4.543058395385742, 
    4.535933971405029, 
    4.529087543487549, 
    4.522498607635498, 
    4.516150951385498, 
    4.510026931762695, 
    4.504111289978027, 
    4.498391151428223, 
    4.492851257324219, 
    4.487479209899902, 
    4.4822611808776855, 
    4.47718620300293, 
    4.472238063812256, 
    4.4674072265625, 
    4.462680816650391, 
    4.4580488204956055, 
    4.453499794006348, 
    4.449026107788086, 
    4.444616794586182
  ], 
  "final_eval": 4.7334416857365786
}