{
  "train_time": 2824.155242919922, 
  "epoch_validation_logloss": [
    5.0634193897247313, 
    4.9225136995315548, 
    4.852916955947876, 
    4.8063885450363157, 
    4.7707619905471805, 
    4.7408099889755251, 
    4.7177514314651487, 
    4.6989919185638431, 
    4.6835047960281369, 
    4.6704316139221191, 
    4.6590544939041134, 
    4.6489562511444094, 
    4.6398986577987671, 
    4.6318714857101444, 
    4.6248141765594486, 
    4.618686008453369, 
    4.6132258653640745, 
    4.608234930038452, 
    4.6036015748977661, 
    4.5992723464965817, 
    4.595230603218079, 
    4.5914859533309933, 
    4.5881425857543947, 
    4.5851369142532352
  ], 
  "mrscc_eval": 0.2673076923076923, 
  "epoch_train_logloss": [
    5.517987251281738, 
    5.34863805770874, 
    5.252008438110352, 
    5.172811031341553, 
    5.108883857727051, 
    5.0565667152404785, 
    5.016432762145996, 
    4.9848408699035645, 
    4.9584431648254395, 
    4.934759140014648, 
    4.911562442779541, 
    4.889197826385498, 
    4.867496490478516, 
    4.8469157218933105, 
    4.8274245262146, 
    4.808844089508057, 
    4.791041851043701, 
    4.773970603942871, 
    4.757590293884277, 
    4.741822719573975, 
    4.726571083068848, 
    4.711676120758057, 
    4.697044372558594, 
    4.682625770568848
  ], 
  "final_eval": 4.5830037507451973
}