{
  "train_time": 8194.25787806511, 
  "epoch_validation_logloss": [
    5.7281663656234745, 
    5.4067359685897829, 
    5.2668147563934324, 
    5.1867632627487179, 
    5.1325221538543699, 
    5.0917860031127926, 
    5.0595281362533573, 
    5.0331139087677004, 
    5.0108701705932619, 
    4.9917420148849487, 
    4.9750149965286257, 
    4.9601077795028683, 
    4.9466231346130369, 
    4.9343092679977421, 
    4.9229946136474609, 
    4.9125424861907963, 
    4.9028332948684694, 
    4.8937634468078617, 
    4.885249137878418, 
    4.8772261142730713, 
    4.8696441888809208, 
    4.8624637126922607, 
    4.8556510210037231, 
    4.8491770029067993, 
    4.8430149793624881, 
    4.8371402025222778, 
    4.8315281152725218, 
    4.8261545896530151, 
    4.8209953546524051, 
    4.816028356552124, 
    4.8112324476242065, 
    4.8065894842147827, 
    4.8020838499069214, 
    4.7977023839950563, 
    4.7934348821640018, 
    4.7892726898193363, 
    4.7852089643478397, 
    4.7812383890151979, 
    4.7773563385009767, 
    4.7735596418380739, 
    4.769844961166382, 
    4.7662103176116943, 
    4.7626538038253781, 
    4.7591740846633908, 
    4.7557693004608153, 
    4.7524380207061769, 
    4.7491775274276735, 
    4.7459855079650879, 
    4.7428588628768917, 
    4.7397952795028688
  ], 
  "mrscc_eval": 0.22019230769230769, 
  "epoch_train_logloss": [
    6.0881829261779785, 
    5.805865287780762, 
    5.667454242706299, 
    5.581596374511719, 
    5.521764755249023, 
    5.477585315704346, 
    5.443236351013184, 
    5.41493034362793, 
    5.390583515167236, 
    5.368926048278809, 
    5.3491902351379395, 
    5.330937385559082, 
    5.313901424407959, 
    5.297907829284668, 
    5.282832622528076, 
    5.268589019775391, 
    5.255113124847412, 
    5.242354393005371, 
    5.230265140533447, 
    5.218790531158447, 
    5.2078704833984375, 
    5.197444915771484, 
    5.187450885772705, 
    5.177831172943115, 
    5.168530464172363, 
    5.159500598907471, 
    5.150697708129883, 
    5.1420817375183105, 
    5.133622646331787, 
    5.125293731689453, 
    5.117074012756348, 
    5.108946323394775, 
    5.100895881652832, 
    5.092911243438721, 
    5.084982872009277, 
    5.077101230621338, 
    5.0692596435546875, 
    5.061453819274902, 
    5.053679466247559, 
    5.045935153961182, 
    5.038219451904297, 
    5.030534267425537, 
    5.022881507873535, 
    5.0152668952941895, 
    5.007697582244873, 
    5.000180244445801, 
    4.992725849151611, 
    4.985345840454102, 
    4.978046894073486, 
    4.970837593078613
  ], 
  "final_eval": 4.7284031451533171
}