{
  "train_time": 6494.426976919174, 
  "epoch_validation_logloss": [
    5.9050308465957642, 
    5.5467573165893551, 
    5.3855719804763797, 
    5.2880651712417599, 
    5.2205379009246826, 
    5.1723890781402586, 
    5.1350431442260742, 
    5.1050828933715824, 
    5.0807098865509035, 
    5.0601928472518924, 
    5.0423729896545408, 
    5.026574277877808, 
    5.0123524427413937, 
    4.9993894815444948, 
    4.98745903968811, 
    4.9764127969741825, 
    4.9661504268646244, 
    4.9565783977508548, 
    4.9476087570190428, 
    4.9391705989837646, 
    4.9312071323394777, 
    4.9236689329147341, 
    4.9165117025375364, 
    4.9096953153610228, 
    4.9031835794448853, 
    4.8969463825225832, 
    4.8909581184387205, 
    4.8851973056793216, 
    4.8796446323394775, 
    4.8742841720581058, 
    4.8691012144088743, 
    4.8640827894210812, 
    4.8592175483703617, 
    4.85449595451355, 
    4.849909472465515, 
    4.8454512596130375, 
    4.8411157131195068, 
    4.8368989229202271, 
    4.8327977657318115, 
    4.8288095951080319, 
    4.8249329805374144, 
    4.8211663246154783, 
    4.8175082921981813, 
    4.8139574766159061, 
    4.8105113983154295, 
    4.8071671724319458, 
    4.8039202451705929, 
    4.8007662773132322, 
    4.7977005243301392, 
    4.7947187662124637
  ], 
  "mrscc_eval": 0.22788461538461538, 
  "epoch_train_logloss": [
    5.909855365753174, 
    5.571645736694336, 
    5.399075031280518, 
    5.297094821929932, 
    5.2285966873168945, 
    5.177824020385742, 
    5.13874626159668, 
    5.1074042320251465, 
    5.081112861633301, 
    5.058359146118164, 
    5.0382795333862305, 
    5.020303249359131, 
    5.0040106773376465, 
    4.989094257354736, 
    4.975355625152588, 
    4.9626946449279785, 
    4.951055526733398, 
    4.940347194671631, 
    4.930441856384277, 
    4.921206951141357, 
    4.9125165939331055, 
    4.904261589050293, 
    4.896353244781494, 
    4.888728618621826, 
    4.881344318389893, 
    4.874176979064941, 
    4.867208957672119, 
    4.860434055328369, 
    4.853849411010742, 
    4.847452163696289, 
    4.841242790222168, 
    4.835219860076904, 
    4.829380035400391, 
    4.823719501495361, 
    4.818233013153076, 
    4.812915325164795, 
    4.807762145996094, 
    4.802770137786865, 
    4.797937870025635, 
    4.793264389038086, 
    4.788748741149902, 
    4.784386157989502, 
    4.780172824859619, 
    4.7761006355285645, 
    4.772157192230225, 
    4.768332481384277, 
    4.764615535736084, 
    4.7609944343566895, 
    4.7574615478515625, 
    4.75400447845459
  ], 
  "final_eval": 4.7628614065687227
}