{
  "train_time": 3137.4445009231567, 
  "epoch_validation_logloss": [
    5.0832675457000729, 
    4.9473006725311279, 
    4.8815805196762083, 
    4.8383701562881472, 
    4.8067063808441164, 
    4.7807341098785399, 
    4.7602835178375242, 
    4.7444867849349972, 
    4.7317589998245237, 
    4.7210772752761843, 
    4.7117867469787598, 
    4.7034538984298706, 
    4.6959692955017092, 
    4.6891906738281248, 
    4.68312714099884, 
    4.6776182889938358, 
    4.6725396156311039, 
    4.6680125951766964, 
    4.6638867139816282, 
    4.6599566221237181, 
    4.656213641166687, 
    4.6528328180313112, 
    4.6496596336364746, 
    4.6465825796127316, 
    4.6435804128646847
  ], 
  "mrscc_eval": 0.25480769230769229, 
  "epoch_train_logloss": [
    5.105859279632568, 
    4.9649338722229, 
    4.882600784301758, 
    4.830719947814941, 
    4.79649543762207, 
    4.768916130065918, 
    4.748308181762695, 
    4.731799602508545, 
    4.719587326049805, 
    4.710078239440918, 
    4.702052593231201, 
    4.693699359893799, 
    4.684350967407227, 
    4.6731743812561035, 
    4.6616387367248535, 
    4.655216693878174, 
    4.649271011352539, 
    4.64327335357666, 
    4.6374335289001465, 
    4.6320366859436035, 
    4.626889705657959, 
    4.621692657470703, 
    4.616420745849609, 
    4.6111979484558105, 
    4.605956554412842
  ], 
  "final_eval": 4.6266127623350055
}